{
  "leaspy_version": "2.0",
  "name": "univariate_logistic",
  "features": [
    "PUTAMEN"
  ],
  "dimension": 1,
  "source_dimension": 0,
  "obs_models": ["gaussian-scalar"],
  "parameters": {
    "log_g_mean": [
      -1.1861615180969238
    ],
    "log_v0_mean": [
      -4.051712512969971
    ],
    "tau_mean": 68.74932098388672,
    "tau_std": 10.029473304748535,
    "xi_std": 0.5542895793914795,
    "noise_std": 0.021219799295067787
  },
  "hyperparameters": {
    "sources_std": 1.0,
    "xi_mean": 0.0,
    "sources_mean": 0.0
  },
  "mixing_matrix": []
}